id,issuer,issuer_type,rating,face,coupon,frequency,issue_date,settlement_date,maturity_date,maturity_years,spread,ytm,price,market_value
GOOD1,Clean Corp,Corporate (HYPOTHETICAL),A,1000000,0.05,2,2020-01-01,2024-07-01,2030-07-01,6,0.011,0.052,99.0,990000
GOOD2,Second Clean Corp,Corporate (HYPOTHETICAL),AA,1000000,0.045,2,2019-01-01,2024-07-01,2029-07-01,5,0.006,0.047,98.0,980000
GOOD1,Duplicate Id Corp,Corporate (HYPOTHETICAL),A,1000000,0.045,2,2019-01-01,2024-07-01,2029-07-01,5,0.011,0.047,98.0,980000
MISS1,,Corporate (HYPOTHETICAL),BBB,1000000,0.06,2,2020-01-01,2024-07-01,2031-07-01,7,0.019,0.063,97.0,970000
MAT1,Inverted Maturity Corp,Corporate (HYPOTHETICAL),A,1000000,0.05,2,2020-01-01,2030-07-01,2030-07-01,0,0.011,0.05,100.0,1000000
ISS1,Issue After Maturity Corp,Corporate (HYPOTHETICAL),A,1000000,0.05,2,2035-01-01,2029-07-01,2030-07-01,1,0.011,0.05,100.0,1000000
SET1,Settlement Before Issue Corp,Corporate (HYPOTHETICAL),A,1000000,0.05,2,2020-01-01,2018-07-01,2030-07-01,12,0.011,0.05,100.0,1000000
NEG1,Negative Coupon Corp,Corporate (HYPOTHETICAL),A,1000000,-0.01,2,2020-01-01,2024-07-01,2030-07-01,6,0.011,0.05,100.0,1000000
YLD1,Absurd Yield Corp,Corporate (HYPOTHETICAL),A,1000000,0.05,2,2020-01-01,2024-07-01,2030-07-01,6,0.011,0.99,100.0,1000000
