year,expected_cash_flow_hypothetical,discount_factor,present_value,duration_contribution_years
1,50396600.73,0.95102235,47928293.61,0.05195841
2,51059252.89,0.90885208,46405308.25,0.10061472
3,52018578.44,0.87169419,45344292.51,0.14747138
4,53254115.55,0.83521233,44478494.07,0.1928741
5,54729242.93,0.8014687,43863775.23,0.23776059
6,56390411.59,0.76664444,43231395.64,0.28119938
7,58167658.22,0.73329398,42653993.89,0.32368427
8,59976575.35,0.70078977,42030970.48,0.36452159
9,61721773.51,0.66955515,41326131.1,0.40320983
10,63301704.5,0.63954917,40484552.58,0.43888748
11,64614541.75,0.60920524,39363517.48,0.46940795
12,65564659.77,0.57988958,38020263.18,0.49460695
13,66069142.1,0.55159349,36443308.63,0.51359999
14,66063698.58,0.52430653,34637628.7,0.5257025
15,65507398.3,0.49801667,32623776.48,0.53050483
16,64385726.58,0.47271038,30435800.97,0.52792055
17,62711641.23,0.44837273,28118189.74,0.51820325
18,60524514.81,0.42498755,25722165.56,0.50193085
19,57887076.28,0.40253752,23301719.98,0.47996043
20,54880676.54,0.38100424,20909770.4,0.45335991
21,51599369.74,0.3649466,18831014.67,0.42870334
22,48143403.84,0.34973895,16837623.4,0.40157561
23,44612739.74,0.33533116,14960041.74,0.37301345
24,41101169.42,0.32167635,13221274.36,0.34399206
25,38614302.14,0.30873066,11921419.06,0.32309617
26,36297667.9,0.29645301,10760552.95,0.30329957
27,34203178.72,0.28480494,9741234.42,0.28512914
28,32365802.71,0.27375044,8860152.63,0.26894476
29,30804330.77,0.26325573,8109416.61,0.25494791
30,29523150.88,0.25328918,7477894.79,0.2432005
31,28514703.6,0.24195645,6899316.38,0.23186308
32,27762286.12,0.23113076,6416718.39,0.22260085
33,27242902.84,0.22078945,6014945.41,0.21518376
34,26929919.22,0.21091082,5679811.39,0.20935179
35,26795347.17,0.20147419,5398570.87,0.20483808
36,26811665.14,0.19245977,5160167.04,0.20138639
37,26953142.98,0.18384869,4955299.9,0.19876299
38,27196695.29,0.17562288,4776361.82,0.19676356
39,27522324.32,0.16776511,4617285.68,0.19521591
40,27913233.96,0.16025891,4473344.53,0.19397966
